{"cameraMode":{"drawMode":0,"name":"Shaded","section":"Shading Mode"},"sceneLighting":true,"audioPlay":false,"sceneViewState":{"m_AlwaysRefresh":false,"showFog":true,"showSkybox":true,"showFlares":true,"showImageEffects":true,"showParticleSystems":true,"showVisualEffectGraphs":true,"m_FxEnabled":true},"in2DMode":false,"pivot":{"x":-0.9643054008483887,"y":-0.8690232038497925,"z":2.9037342071533205},"rotation":{"x":-0.15397080779075623,"y":0.7941937446594238,"z":-0.22520381212234498,"w":-0.5429865121841431},"size":1.7598075866699219,"orthographic":false}